no,date,platform,coldness,rawness,body,meigen_omamori,query
1,"4/13 06:00","x",10,8,"スタッフが何度も同じミスをするとき、その人の意識や姿勢の問題だと思いたくなる。  思いたくなる、というのが正直なところで。  でも20年やって気づいたのは、同じ場所で同じ人が転ぶとき、たいてい床が濡れてる。  「何度言ってもわからない人材」が量産される職場は、量産できる構造が先にある。  仕組みを変えないまま熱量を上げても、ガスを入れた穴の開いた風船と同じで。  ▶ 「なぜ伝わらないのか」の前に「どこで情報が抜けているか」を図に書いてみる。フローチャートじゃなくていい。紙に矢印を引くだけでいい。抜けた箇所が見えたとき、人の問題ではなかったことがわかる。  我ながら、これに気づくのが遅すぎた。","床を直せ、人を疑うな💎","離職率 エンゲージメント 改善"
2,"4/13 07:00","threads",9,3,"距離を置いたのは、嫌いになったからじゃない。  疲れたまま近くにいると、 嫌いになっていくのを知ってるから。  それに気づくまで、ずいぶん時間がかかった。 傷つけてから学ぶの、もう飽きたし。  少しだけ遠くにいる人との時間が、 なぜかここ最近ずっと穏やかだ。  自分の適切な距離、一度だけ試してみる？  好きな人との「ちょうどいい遠さ」、あなたにはある？💍","離れることも、愛のかたちだ。💍","深い関係 表面的 気づき"
3,"4/13 10:00","threads",8,0,"関係が長続きするのは、大事にしてきたからじゃない。  距離の取り方が、たまたま合っていただけだ。  それに気づいてから、 「うまくいってる」という言葉の軽さが 少し気になるようになった。  機嫌のいい日に、連絡の間隔を一度だけ変えてみる。 それだけでわかることがある？  自分にとっての「ちょうどいい」を、誰かに説明できますか。💍","合わない人と無理に合わせた時間は、戻ってこない。💍","信頼できる 友達 少ない 本音"
4,"4/13 19:00","threads",4,5,"疲れを感じる相手が、悪い人とは限らない。  ただ一緒にいると、自分が少し薄くなる気がする人は いる。  それに気づいてしまったとき、罪悪感の方が先に来るのが 人間のめんどくさいところで。  でも、疲れ方って、正直なんだと思う。 言葉より先に、体が答えを出してる。  今日、自分がどんな疲れ方をしたか、 ちょっとだけ思い出してみる?  その疲れ、誰と一緒にいたときのものだった？💍","疲れ方を知っている人は、自分の方角を知っている。💍","自分のペース 大切 生き方"
5,"4/13 22:00","x",2,9,"BAR時代、常連が来なくなった理由をずっと「時期的なもの」だと思ってた。  違った。 席の配置を変えたタイミングで、その人の「いつもの場所」が消えてた。  謝ったのは半年後。遅すぎた。  組織でも同じことをやってる人を何度も見た。 ルール変えた、業務フロー変えた、席替えした。 本人は改善のつもり。でも誰かの「居場所の感覚」が静かに消えてる。  離脱の理由をモチベーションや人間関係に求め始めたら、 一回だけ聞いてみるといい。  ▶ 最後に何かが変わった日を、相手に言わせてみる。自分の口で言わない。  我ながら、あのカウンターの配置、今も少しだけ後悔してる","居場所は本人より先に消える💎","採用 人材確保 職場環境"
6,"4/14 06:00","x",5,1,"スタッフが黙り始めると、たいていリーダーは「最近どう？」って聞く。  聞いた。返ってきた。「大丈夫です」。  そこで終わる。  でも黙ったのは今日じゃない。たぶん3週間前か、もっと前。黙ることを選んだ瞬間がある。そこに何があったか、誰も記録していない。  組織の体温が下がるのは事件じゃなくて、設計の放置。「報告しやすい場」じゃなくて「報告しなくて済む構造」がいつの間にかできあがっている。  ▶ 週1回、1on1のゴールを「確認」から「観察」に変える。何かを引き出そうとしない。ただ変化を記録する。3回分並べると、下がってきた温度が線になって見える。  大丈夫です、って言わせたのはこっちかもしれない","聞いた気になっている💎","職場コミュニケーション 改善策"
7,"4/14 07:00","threads",4,8,"距離を置くことを、薄情だと思っていた時期がある。  でも関係の濃度を自分で決めていいと気づいてから、 少し、呼吸が戻ってきた気がした。  誰かと近くにいることと、 誰かと繋がっていることは、 たぶん…いや、違う話だ。 （ここで「たぶん」を打ち消したくなったのは正直なところ）  離れても消えない関係が、あった。 それだけで充分だったりする。  今夜、少し連絡頻度を落としてみる、とかでもいい？  あなたにとって「ちょうどいい距離」って、どのくらいですか。💍","繋がり続けることより、繋がり方を選ぶほうが、たぶん誠実だった。💍","言葉にならない 感覚 モヤモヤ"
8,"4/14 10:00","threads",9,4,"親切にされるほど、遠ざかりたくなることがある。  受け取り方が歪んでいるのかと、ずっと思っていた。 でも違った。 重さを感じているのは、相手の親切じゃなくて、 その裏にある「期待の密度」だった。  好意に乗っかるのが上手い人が、 少し羨ましかったこともある。 ——まあ、向いてなかっただけか。  距離を置くことは、拒絶じゃない。 それに気づいてから、少し呼吸が楽になった。  今日、何かひとつだけ「断る練習」してみる？💍","期待されるほど、静かになっていった。💍","居心地のいい 関係 人"
9,"4/14 19:00","threads",2,6,"距離を詰めるより、距離を守る方が、愛情が必要だったりする。  近づけばいいと思っていた時期が、わたしにもあった。 でも現場で長くいると、離れたままでいることの方が よっぽど腹が決まっていると気づいていく。  ——それを「冷たい」と言う人とは、もう少し距離を置くようになった。（これが本音）  心地よい間合いを持てたとき、 相手の輪郭がはじめてちゃんと見えた気がする。  今日だれかとの距離感で、少し迷ったりした？💍","離れていることが、ときどき一番の誠実だった。💍","断る 自分を守る 大切 勇気"
10,"4/14 22:00","x",9,0,"人が動かないとき、だいたい責めてた。  やる気がない、理解が足りない、って。 20年近くそれをやって、組織は何も変わらなかった。  ある日気づいた。 動線が悪い店で「もっと素早く」と言っても、体が悲鳴を上げるだけだって。  人の問題じゃなかった 設計の問題だった  ▶ 「なぜ動かない」の前に、「どこで止まっているか」を図にする。フローでもメモ書きでもいい。止まる場所は毎回だいたい同じところにある  責める言葉を飲み込んだ分だけ、構造が見えてきた気がする。 今も確信はないけど。","怠慢より、設計を疑え💎","心理的安全性 チームビルディング"
11,"4/15 06:00","x",3,4,"スタッフが黙るようになった時期、俺はずっと「信頼されてないんだ」と思ってた。  違った。  話す意味が設計上なかっただけだった。 何を言っても変わらない構造の中では、人は正直に黙る。賢いから黙る。  ▶ 週1回、「俺が変えられる何か」だけを聞く場を10分つくってみた。アドバイスも評価もしない。聞いて、翌週ひとつだけ動く。それだけ。  話が戻ってきたのは、3週目だった。  なんだか、信頼より先に「動く実績」が必要だったらしい。今も少し、悔しい。","黙るのは不信じゃない💎","チーム 信頼関係 構築"
12,"4/15 07:00","threads",4,1,"距離を置いたほうが、その人のことを好きでいられることがある。  近づきすぎて見えなくなるものが、 どうも自分には多い気がして。  それが冷たさなのか、自衛なのか、 今でもよくわからないまま放置している。  ただ、遠さにも種類があるとは思う。 切ったのではなく、ちゃんと持っていたくて、 そっと棚に置いた感じの距離。  今日、誰かと少し間を空けた自分に、 悪者のラベルを貼らなくてもいいかもしれない。  その間を、どう名前で呼びますか？💍","離れていても、手放していない。💍","孤独感 つながり 大切"
13,"4/15 10:00","threads",10,3,"疲れを隠すのが上手い人が、一番疲れている。  「元気そう」と言われ続けて、それが正解になっていく。 自分でも気づかないうちに、消耗を演じるのをやめていた。  別に誰かに責任があるわけじゃない。 ただ、本音の在り処を忘れると、 自分の輪郭が少しずつ薄くなる。  今日、「しんどい」と思えたなら、それはまだ正直だ。  静かな場所で、少し深く息を吸うだけでもいい？  自分の疲れに、ちゃんと気づいてあげられてる？💍","隠し続けた分だけ、本音は濃くなっている。💍","無理しない 関係性 境界線"
14,"4/15 19:00","threads",9,2,"距離を置かれるより、置けない自分の方がずっと問題だった。  「近い方がいい」は幻想で、 心地よさには、ちゃんと隙間が要る。  察してほしいと思うのをやめた日から、 少し静かになった。  それだけで、空気が変わることがある。  今日、誰かに返信するのを少し後回しにしてみる？  その「間」に、何を感じるか。💍","離れるのが冷たさじゃない日もある。💍","大人 友達 関係性 希薄"
15,"4/15 22:00","x",9,2,"スタッフが「また辞めた」と聞いて、採用を急いだことがある。  その時、何も変えなかった。 穴を埋めただけだった。  辞めた理由じゃなく、辞めた人数を見て動く組織は、 たぶんずっとその癖のまま走る。  ▶ 次の採用を止めて、3日だけ「誰が何を決めているか」を紙に書き出す。 　なんとなく回っているように見える部分が、いちばん腐りやすい。  我ながら、埋めることに慣れすぎた時期があった","穴を埋めるな、穴を読め💎","離職率 エンゲージメント 改善"
16,"4/16 06:00","x",9,7,"BAR時代、深夜2時に「なんかスタッフがやる気ないんですよね」と相談してきたオーナーがいた。  話を聞いていたら、指示は口頭のみ、ルールは俺が決める、評価は気分で変わる、だった。  やる気の問題じゃない。不信任の積み重ねが「脱力」という形で出ていただけ。  当人は最後まで「人の問題」だと思っていた。  　  設計が腐っていると、人が腐って見える。  それだけのことだ。  　  ▶ 今週、口頭だけで動かしている仕組みを一つ書き出す。それを「見える化できない理由」を正直に言語化する。答えがそこにある、たぶん。  　  我ながら、自分もあのころ口頭に頼りすぎていた。","人を疑う前に設計を疑え💎","若手社員 育成 現場"
17,"4/16 07:00","threads",10,1,"距離を詰めない人が、冷たいとは限らない。  近づかないのは、傷つけたくないからかもしれない。 そういう優しさは、言葉にならないまま終わる。  それを「そっけない」と処理してしまった夜が、自分にもある。  ちゃんと見えなくてよかった、と思うことも、たまにある。  今夜、誰かとの距離を少しだけ測り直してみる？  あなたが「遠い」と感じたのは、本当に遠さだったか💍","静かな人ほど、言葉より先に動いている💍","SNS 疲れ リアル 関係"
18,"4/16 10:00","threads",5,2,"離れた方が、ずっと好きでいられる人がいる。  それを薄情とは思わなくなった。 距離を置くことで、相手の輪郭がやっと見えた経験が、一度や二度じゃないから。  近づきすぎて、嫌いになったことある。 それが一番、後悔した。  今は、少し遠いくらいがちょうどいい関係を、意識して選んでいる。  自分にとっての「ちょうど」、まだ探してる途中でもいい？  距離感って、誰かに教わるものじゃなかった💍","離れることが、愛情だった時期もある💍","居心地のいい 関係 人"
19,"4/16 19:00","threads",2,3,"伝えなかったことが、ちゃんと伝わってた時期がある。  言葉を丁寧に選べば選ぶほど、何かがすり抜けていく感覚、あれはなんだったんだろう。  20年近く現場にいて、一番刺さったのはうまい言葉じゃなくて、黙って隣に座ってた人の重さだった気がする。  沈黙の使い方が変わると、関係の輪郭が少し変わる。  今日、あえて返信を一呼吸遅らせてみる？  言葉を減らした分だけ、届いたものがあった気がする日は？💍","沈黙も、語っていた。💍","心地よい距離感 人間関係 保ち方"
20,"4/16 22:00","x",6,5,"スタッフが何度同じミスをしても、怒鳴らなくなった頃の話。  怒りが収まったわけじゃない。ただ、「またか」が続きすぎて、ある夜ふと「これ、俺の設計の問題だな」と気づいた。マニュアルもある、声掛けもしてる、なのに繰り返す。それって「仕組みがミスを誘導してる」ってことで、スタッフが悪いんじゃなかった。  気づいた後も、すぐ動けなかったけど。  ▶ ミスが3回続いたとき、「なぜ」を人に向けるより先に、「そのミスが起きやすい導線はどこか」を紙に書き出す。動線、順番、確認のタイミング。そこに穴があれば、設計を変える。スタッフを変えようとしない。  我ながら、気づくのが遅すぎた。","怒る前に、設計が謝れ💎","部下 育成 コーチング"
21,"4/17 06:00","x",9,1,"BAR時代、スタッフが辞める前に必ず「最後の一週間」があった。  笑顔が減るとか、口数が減るとか、そういう話じゃない。 仕事の「手順を守ること」だけになる時期がある。 創意工夫が消えて、言われたことだけをこなす。 あれは離職のサインじゃなくて、 もう組織への投資をやめた、という宣言だった。  気づいた頃には手遅れで、声をかけてもほぼ戻らない。  問題は関係性じゃなく、構造だった。 「頑張りが報われる仕組み」が存在しなかっただけ。 感情を盛っても、設計が壊れていれば人は静かに撤退する。  ▶ 今週、チームの誰か一人を観て、「手順だけになってないか」を確認する。声をかけるより先に、その人の動きを三日間、黙って見る。  撤退した人間を引き止めようとした日々を、今も少し恥ずかしいと思っている。","仕組みが壊れてる、情熱で補うな💎","1on1 面談 効果 マネジャー"
22,"4/17 07:00","threads",1,0,"優しくされると、距離が縮んだと思う。  でも振り返ると、相手はずっと同じ場所に立ってた。 動いてたのは自分だけだった、ということが 人間関係では意外に多い。  大事にされてると思い込んでた、というより 大事にされたかったから、そう読んだんだろうな。  それに気づいた瞬間だけ、少し自分に戻れる気がした。  今日、誰かとの距離を少しだけ測り直してみる？  いつのまにか近づきすぎていた場所、ある？💍","動いたのは自分だけ、という夜がある。💍","心地よい距離感 人間関係 保ち方"
23,"4/17 10:00","threads",8,6,"離れることが、唯一の正解だった関係がある。  「大切にしたい」と思っていたのに、 いつの頃からかそれが義務に変わっていた。 そのズレに気づかないふりをして、 ずいぶん長く立っていた気がする。  逃げた方が正解だった、という記憶が 今になって、静かに肯定されている。  距離を置いたとき、はじめて自分の呼吸が戻ってきた。  今日、誰かに返信しなくていいものを、一つ手放してみる？  自分を消耗させていたもの、 もう名前をつけなくていいのかもしれない。💍","離れた夜だけが、正直だった。💍","本音 言えない 人間関係 空気"
24,"4/17 19:00","threads",5,7,"近づきすぎる人より、遠くにいる人の方が長く続いたりする。  距離って、冷たさじゃなくて、 たぶん…いや、「余白を渡してる」ってことなのかもしれない。  うまく言えないけど、 いつでも連絡できるのに、しない関係。 それがいちばん、じわっとあったかかったりする。  今日、ちょっと連絡するの止めてみるか、 って思えたなら、もうそれで充分。  今、頭に浮かんだ人との距離、丁度いいと思ってる？💍","詰めなかった分だけ、残ってた。💍","言葉にならない 感覚 モヤモヤ"
25,"4/17 22:00","x",4,6,"何度も「なんで伝わらないんだろう」って思いながら、結局自分が話し続けてた時期がある  あれ、伝わってなかったんじゃなくて 聴く構造を作ってなかっただけだった  会議が終わった後、誰も何も言わないチームって 「意見がない」んじゃなくて 「出しても変わらない」という学習が積み重なってるだけで  そこに熱量を足しても、どうにもならない  ▶ 次の定例、最後の5分だけ「決まったこと以外に、引っかかってることある？」って聞いてみる。答えが返ってこなくても、それが今の組織の温度  答えが返ってこないとき、むしろほっとしてた自分もいたな、当時","熱を足す前に、穴を塞げ💎","採用 人材確保 職場環境"
26,"4/18 06:00","x",3,6,"スタッフが辞める前に、必ず一回だけ「妙に大人しくなる期間」がある。  あれ、なんか最近おとなしいな、と思って。でも忙しいから流して。で、気づいたら退職届。  20年やってて、この流れを何度繰り返したかわからない。  本人の気持ちの問題じゃなかった、と今は思う。 「妙に大人しい」が見えた瞬間に動ける仕組みが、そもそもなかっただけで。  週次の1on1でも、日報でも、何でもいい。 ▶ 「異変を拾う場所」を設計に組み込む。気合いで察知しようとしない。察知できなかった自分を責めない。そういう構造じゃなかっただけ、と片付ける。  我ながら、冷たく聞こえるかもしれない。でも感情で追いかけ続けるより、たぶんずっと優しい。","静かになった時がもう後半戦💎","職場環境 チーム マネジメント 課題"
27,"4/18 07:00","threads",7,7,"近すぎる人ほど、相手の輪郭が見えなくなる。  距離って、冷たさじゃなくて ちゃんと見るための目の焦点みたいなものだと思ってる。  それがわかってから、 少し執着が減った。 手放したというより、手が空いた、に近い感覚。  「もう少し離れてみようか」と思っただけで、 呼吸が変わる人もいるかもしれない。  あなたはいま、誰かとの距離を測り直したいと感じてる?💍","近いから見えないことが、ある。💍","居心地のいい 関係 人"
28,"4/18 10:00","threads",5,10,"疲れてるのに、愛想だけ溢れてる日がある。  誰かに嫌われないために動いてると、自分が何を嫌いかわからなくなってくる。 好かれようとしてる自分に気づいた瞬間、もう終わってるんだよな。  その感覚、捨てられなくて、でも言葉にもならなくて、ずっと胸のどこかに詰まってる。  愛想を削ったとき、残ったものが本体だった。  今日だけ、一個だけ断ってみる？  自分に正直でいるコストって、思ってたより安いかもしれない。💍","削っても消えないものが、あなたの輪郭だ。💍","孤独感 つながり 大切"
29,"4/18 19:00","threads",9,7,"近い人ほど、疲れる。  距離があるから優しくできる、ということが 大人になるとわかってくる。  それを「冷たい」と呼ぶ人もいる。 呼ばせておけばいい。  どこまで入れるか、の話なのに どこまで好きか、にすり替えられることがある。 そのズレに、ずっとうまく言葉をつけられないでいる。  温度の合う距離、というのが たぶん本当はあって、 それを見つけた瞬間だけ少し静かになれる。  今日、誰かとの間合いを 1センチだけ動かしてみる？  あなたが決めた距離は、言い訳じゃない。💍","距離は冷たさじゃない。それはあなたが引いた、輪郭だ。💍","信頼できる 友達 少ない 本音"
30,"4/18 22:00","x",10,9,"ネイルサロン立ち上げたばかりの頃、スタッフが辞めるたびに「自分の伝え方が悪かった」って思ってた。  3人目が辞めた夜、やっと気づいた。 伝え方じゃなかった。 仕組みが、人を消耗させる設計になってたんだ。  「頑張れば報われる」が機能するのは、消耗が一定以下のときだけ。 超えたら、気合いはただの着火剤になる。  ▶ 今週やること——「誰が一番雑用を引き受けているか」を紙に書き出す。感謝じゃなくて、事実として。その名前が浮かんだとき、あなたの組織の摩耗箇所が見える。  我ながら、気づくのが遅すぎた。 でも早く気づいてたら、たぶん違う間違いをしてた。","消耗は、優しさを食べて育つ💎","採用 人材確保 職場環境"